<?xml version="1.0" encoding="utf-8"?><soap:Envelope xmlns:soap="http://www.w3.org/2003/05/soap-envelope" xmlns:xsi="http://www.w3.org/2001/XMLSchema-instance" xmlns:xsd="http://www.w3.org/2001/XMLSchema"><soap:Body><FECompUltimoAutorizadoResponse xmlns="http://ar.gov.afip.dif.FEV1/"><FECompUltimoAutorizadoResult><PtoVta>2</PtoVta><CbteTipo>1</CbteTipo><CbteNro>1626</CbteNro><Events><Evt><Code>5</Code><Msg>IMPORTANTE: El 29/08/2017 se actualizara el wsdl agregando una estructura opcional para compradores multiples segun RG 4109-E. Para mas informacion historial 2.10 del manual http://www.afip.gob.ar/fe/documentos/manual_desarrollador_COMPG_v2_10.pdf</Msg></Evt></Events></FECompUltimoAutorizadoResult></FECompUltimoAutorizadoResponse></soap:Body></soap:Envelope>
