<?xml version="1.0" encoding="utf-8"?><soap:Envelope xmlns:soap="http://www.w3.org/2003/05/soap-envelope" xmlns:xsi="http://www.w3.org/2001/XMLSchema-instance" xmlns:xsd="http://www.w3.org/2001/XMLSchema"><soap:Body><FECAESolicitarResponse xmlns="http://ar.gov.afip.dif.FEV1/"><FECAESolicitarResult><FeCabResp><Cuit>20139809255</Cuit><PtoVta>2</PtoVta><CbteTipo>1</CbteTipo><FchProceso>20170905121600</FchProceso><CantReg>1</CantReg><Resultado>A</Resultado><Reproceso>N</Reproceso></FeCabResp><FeDetResp><FECAEDetResponse><Concepto>1</Concepto><DocTipo>80</DocTipo><DocNro>30709992917</DocNro><CbteDesde>1627</CbteDesde><CbteHasta>1627</CbteHasta><CbteFch>20170905</CbteFch><Resultado>A</Resultado><CAE>67365053829822</CAE><CAEFchVto>20170915</CAEFchVto></FECAEDetResponse></FeDetResp><Events><Evt><Code>5</Code><Msg>IMPORTANTE: El 29/08/2017 se actualizara el wsdl agregando una estructura opcional para compradores multiples segun RG 4109-E. Para mas informacion historial 2.10 del manual http://www.afip.gob.ar/fe/documentos/manual_desarrollador_COMPG_v2_10.pdf</Msg></Evt></Events></FECAESolicitarResult></FECAESolicitarResponse></soap:Body></soap:Envelope>
